"CC1_X";"CC1_Y"
-0,0170646183910183;-0,0134632102015524
-0,027225732959164;-0,0134632102015524
-0,0028867537648273;0,00071415217279818
-0,0134824099663922;-0,0183528087409125
-0,0328068104310744;-0,024501670845861
-0,0144357126721097;-0,0110365224390339
-0,0374001796248717;-0,0213568624464808
-0,0222131195806325;-0,0134632102015524
-0,0298314011672156;-0,0271797658283998
0,025492430409154;0,0142894841029071
-0,0173953764918467;-0,0175706009541806
0,0253764128644075;0,0210895763243633
-0,00311977704064249;0,00523897250878778
-0,00875984243647939;-0,0286204557994717
0,00407049215817993;0,0073687103372559
-0,0150003502658509;-0,0136863512753232
-0,0289240358877033;-0,0329566523713536
-0,000808063254672639;0,00936342576911623
0,0100924978690556;0,0037120327502467
0,00167580097665099;0,000398511348074365
0,00250510516499636;-0,0109967245821779
-0,0280571661847646;-0,0230624308105984
-0,0107127208978054;-0,0040264265521941
0,0367933515003013;0,0323306981175223
0,00616468801349726;-0,0017705915957362
0,0489614658027146;0,0266255077824331
0,05747386068111;0,047969510070024
0,0197606988368587;-0,0134632102015524
0,00882384013363324;0,0110855041491272
0,00465223519890078;0,00342262923759086
-0,0210469603497272;-0,027216400811762
0,0151824283779727;0,0158536837548663
0,0197336659842285;0,0121747633932904
-0,00127984834135708;0,00491851158077792
-0,00269678035028501;0,00838651167183165
0,011773674644277;0,0478155898155885
0,00559994776667093;0,00913988278338319
-0,0346999012554535;-0,0298061164890196
0,0270006431822631;0,0236148599766017
0,0316510976338546;0,0205939881215172
-0,0270526670297644;-0,0227343064097902
0,00677144121099344;0,00706230909903126
-0,00212843748200705;0,0134504134684024
-0,0220824341126041;-0,0251479345462676
-0,0136580143050223;-0,0219824370355674
-0,00996161720337914;-0,000356835070090584
0,0142436690014473;0,0132117080578436
-0,0021836386079162;0,0102355391927072
-0,000490787906728143;-0,0028662225642577
-0,00329662376268147;-0,0248999037825968
-0,00528462012430996;-0,00211217914962803
0,00472526426831421;-0,00569220803708688
0,0227033592577706;-0,00404049967035262
-0,0094813556235824;-0,0321168120339894
0,008427289163489;0,0129491006049551
-0,0149705147375689;0,00107170402382358
0,0403650100261748;-0,00413958833345552
-0,00231284397923503;0,0209935985168612
0,0176395350939115;0,0101150825892271
-0,016977635530526;-0,00384696602037324
0,0476233097770656;0,0270966280170445
0,00556406708074474;0,0344041419375549
-0,0388950246087338;-0,0134632102015524
-0,00150045633254875;0,00375968296905745
0,0186140335540924;0,0205080419415181
0,0462338611488547;0,0319251436298972
-0,00924963923057294;0,004326034484033
0,00474254971919895;-0,0199222025457507
-0,010695412875792;-0,0158826300271255
0,0149634612237221;0,0122252828288523
0,0021825753646725;-0,0297616807275707
-0,00320298661278461;0,0130179805883257
-0,00821240640447799;0,000855517300634967
0,0130701248007676;0,0203701479175781
0,0154135643375059;0,0184094206428781
0,00334098259083485;-0,00426123943263547
-0,0309685520896752;-0,0262717017073358
0,00811335561242516;0,00705360036738665
0,0111991856607098;0,00872925500453286
0,0556635517312157;0,035605194799313
-0,0142343934796249;-0,00269528843026781
-0,00353680961994933;0,000246536104044309
0,00617127437896292;0,000297752001929263
0,00996681481296242;0,0129694848419418
0,0335127334863401;0,027008469092597
-0,0315294438294585;-0,0236314773720214
3,24091205506896e-05;0,0035532273470079
-0,030550496880012;-0,021496003441481
-0,0151063927878243;0,0176920646426115
0,0533641555097619;0,048297399250284
0,00416140602362064;0,0349712368628648
0,0344995281699646;0,0273237807689804
0,00168388326939395;0,00258868999268095
-0,0192863825140306;-0,0186153818764749
-0,0140301825242791;-0,0242484298457953
0,0115697412949203;-0,0174330240327335
-0,00854801841490998;0,00436868439089337
0,0156621781733949;0,00208815116436086
0,045185181704101;0,0195458745018005
0,0200513636393138;0,00215442872381178
0,00734029082064736;0,0105288546738849
0,0190751004633552;0,0191487559092615
-0,00588177736822849;-0,0134632102015524
0,0148445531969678;0,0230771283890246
-0,0216551972962274;-0,0282574845326486
0,0194645434079584;0,0188672040460631
0,014773185509735;0,0117887411020734
-0,0204575611642443;-0,0237546332914987
-0,0190935939020628;-0,0211936712876309
0,00447061313863884;0,0108131356485974
0,00821947908723666;0,00319447880262076
0,01271222556769;0,000762646796647388
-0,00796355242599665;-0,0168710930061121
0,00130613132148318;0,00394517052372371
-0,0162412346295979;-0,0273437314962203
-0,0301735292875551;-0,0112000768166824
-0,0117801763145519;-0,0153862391777321
-0,0143246436940808;-0,0220692375331495
-0,0259524861705908;-0,0272014757634679
0,00535573168119994;0,0102002316314221
0,00958206695144212;0,0212376809665545
-0,018496774275268;-0,00299444068500542
0,000487086121777315;0,0098300885842635
-0,00728552753655214;-0,0134632102015524
0,00509168965374116;0,00191830159865353
-0,0158028416623213;-0,0119440677951639
-0,00275801357988458;-0,0261148687787771
-0,0114217469318619;-0,000659494660045553
-0,0037585899921292;-0,00358123923396252
-0,0135012737873265;-0,00904890775082617
-0,000397954592331581;0,00282513984254988
0,0588830479898201;0,0447178302597401
-0,0165467488331667;0,00310387730381303
0,0551520012646566;0,044746378550196
0,00777958218505469;-0,00211486188249934
0,000249446713317386;-0,0045115524432274
-0,0160827276694645;-0,00549579296009496
0,00833422981158996;0,0186917471798517
0,00581644397391835;0,00692803423704378
0,0227800657542702;0,0108100089258781
0,00782791381401955;0,014632815358101
0,0160059890565578;0,0199667069444618
8,07712305254057e-05;0,0126008837210516
-0,00547339528763917;0,00649801231856176
-0,0307551266412173;-0,024135922814772
0,00357184312514617;0,00680183386719641
0,0125952763972455;0,00309143460489445
0,0106225808547831;0,0146317621878954
0,0219298573274709;0,0106895276194968
-0,0271406249973786;-0,0316523338073604
-0,0298794248803693;-0,0223750275549714
-0,0226515797873796;-0,025980228148862
-0,0130724920258027;-0,00676258446339379
-0,00907705093698847;-0,0119564833406008
-0,0209521993003807;-0,0192270332605833
-0,0398678298922758;-0,0291259609329976
-0,0020733935930512;0,00675164544995835
-0,0264984021443865;-0,0298613211147782
-0,0188483592560676;-0,00840959945191527
0,00118089887658995;0,000865861794276851
0,0201916204822861;0,0262684745198359
-0,00373777120280341;-0,00114483482084727
-0,0105896053785623;-0,0245997477808193
0,00286454092575133;0,0014113910376993
0,00666712837594878;0,0269434047190517
0,00280859920696567;0,00700835529487937
0,0095300989841839;0,0143986733646035
0,0465196923043344;0,0210457180964904
0,0164700866567519;-0,0134632102015524
-0,0039898336851229;0,0063064311464061
0,00524935617995771;-0,00513469944140216
0,0100974955232522;0,00799121433411101
0,00449051286135871;-0,0252948991201353
0,00854281446381008;-0,0133009776013874
0,0101736316638715;0,0261618946359914
0,00696035342081051;0,00799404386796738
-0,0288286796329234;-0,0134632102015524
0,0190208631376133;0,0282637452180464
-0,0171607990798059;-0,0302023858322069
-0,00870543179055017;-0,00904214392461098
-0,0243316589157322;-0,0272032865575147
-0,0105996231239993;-0,0104382738166881
-0,0089803136660386;-0,0261313739507933
0,0125263586758964;0,00330111937298989
-0,0366054753444866;-0,0304956557196882
0,0123265521567056;0,00776330041200333
0,0029499931571927;0,00744902818208258
-0,0193713489372434;-0,0270049483436719
-0,0279131869136527;-0,0149105696569075
-0,00716426513993561;-0,0179511982973632
0,0162685275007824;0,00657203967747004
-0,00282371018468381;-0,0147263749800498
-0,0240799108236691;-0,00529976513994159
-0,0293691387611282;-0,0265269597746079
-0,00511422561182066;0,00530383484804333
-0,0165016170508443;-0,017454975772842
0,00176861927066221;-0,0267506631115783
-0,00886684022854229;-0,0117691361181029
-0,00842801383694912;0,000255291621438731
-0,0110061200065565;-0,0260781652617974
-0,0247631133421529;-0,0142665399131916
0,0143845457355506;-0,00991322379415759
0,000860510626106642;0,0129654443378765
0,0170577995960769;0,0129045825013016
-0,0206690786451362;-0,0191982271464433
-0,00379450830156354;0,00327489903013373
-0,0183205441241744;0,00131483681229871
-0,0350575165872987;-0,0354566440888981
0,0620598387142476;0,0517908829684322
-0,0125648116035923;-0,00815101068361878
-0,00273405491775728;0,00382829759063029
-0,010743717870452;0,000519976094118969
-0,000581858082415723;-0,0139590542532855
0,0226646462282589;0,0253147281229809
0,00439330593720684;-0,00496378114893442
-0,00607733542625954;-0,00284940142318118
-0,00233735693822241;0,0240213740925269
0,00514872050072305;0,0265721521881872
-0,0131827817645021;0,00572421303526446
-0,0239806102113262;-0,0134632102015524
-0,0309893974997676;-0,0232924057586368
0,00686435711884098;0,0183086681723275
0,00806301930129711;-0,00382917822834535
0,00131601438372549;-0,00835182158000152
0,0166864279688012;0,0104536189466807
0,0161516992316773;0,0117743400988775
-0,0209374823245913;0,0102188150892418
-0,0127697772525707;-0,00385601155372903
0,00960992035432675;-0,00580669948965745
0,0108959972249083;0,012533563743396
0,0362708370403491;0,0694951065207577
-0,0168317407436347;0,0176249457431543
-0,00688228378632861;-0,00885636375229754
-0,0164661059337959;-0,0168109221753469
0,0133502616737043;-0,00282957086558296
0,0163229769818987;-0,000711703472206635
-0,012178824219757;-0,011934036444982
0,00487568212976873;-0,0198174899528215
0,000216253352971134;-0,0181483982491148
-0,0262910084636392;-0,0169087221603344
-0,00884353263109357;-0,000426743189392611
-0,00165788256623302;-0,0104941630336631
-0,0209248507132667;-0,0099407079302021
-0,00469030470323734;-0,00466399195270535
-0,0208768803294554;-0,0178222921628257
-0,0343501620752625;-0,0180799197287696
-0,00459634207966758;0,00188205742352085
0,0286758938591195;-0,00755413905576587
-0,0100012218158226;-0,0187224226108082
-0,000463478258278483;-0,00732611056210485
0,0175692945291512;-0,0279059687464068
0,0113660267518098;0,0290385994465547
0,0496733436472665;0,0287565872982363
0,07193566044926;0,0564415705272873
0,00203724878789846;0,049052036935831
-0,0136649007656847;-0,0133988552859893
-0,00082689886464658;0,00254057178337688
-0,033916430716677;-0,0317739461223737
0,00277915029918739;0,0196240039563627
-0,0130607005270163;-0,0225507191984325
-0,0282043351286029;-0,0270272982531438
0,0659252585585912;0,0588372350832783
0,0131087060445229;0,00341454573029885
-0,0218276970500824;0,0218057522183622
0,0336184538717002;0,0221730328842936
-0,00647451417913033;0,0108471780084647
0,0205407626799365;-0,00105097466922642
0,00688252480413557;-0,0106813092866286
0,0183001922606069;0,0116364169645537
0,0148744231962235;-0,0231776437889238
-0,034299169245411;-0,025925394094344
-0,00487980396070268;0,00523405053009697
0,00852101536897264;0,0131251897481065
0,0085872973540572;0,00296829071477989
-0,00713517520885119;-0,00799111684192183
-0,0139812036213352;-0,00937874969389018
0,0171815014246503;0,0172709840858543
-0,0295556507041489;-0,0349462668817887
0,0117418083555648;-0,00246224553277284
0,0474715102910176;0,0565831631458728
-0,0153473818205097;-0,028846636701971
-0,0191941515655539;-0,0284693729030556
0,0121167030936998;0,0242163436468523
0,0183819288603763;-0,00192307631663553
-0,029157022162652;-0,0165279438385087
0,0266980457028928;0,0195447819251485
0,0114864746634833;0,00514231131219174
-0,00185789176959194;0,00764922092686147
0,00907728237448233;0,0178285628755245
0,0133025082899295;0,0310747690492284
0,0115868467038629;0,0115937926977794
-0,0365812072680939;-0,0321201208405482
-0,0171575473340463;-0,0114252802844109
0,00377203741874734;0,00800545110028311
0,0378448511657583;0,0380809197985121
-0,0211662300265491;-0,0277608451656953
-0,0203616884879146;-0,0185887856278216
-0,0207083788543534;-0,0266449727095528
-0,025798062093434;-0,0274706677494089
-0,00135051830367344;-0,0223179613243964
0,0123348987721551;0,0143603839757504
0,00973613380345726;0,00627253806449889
0,00204547687037241;-0,0198839910757222
-0,0331795715778797;-0,0307098997152967
0,00192980864319127;0,00667472779596054
0,0352887020259538;0,0527592552213842
-0,0055382815601629;-0,00705260965958239
-0,0210218791647703;-0,027613549704241
0,0371279862631218;0,0267326706183031
0,00762698912756488;0,0149801033340881
-0,0210933838747666;-0,00762412777329524
-0,0199048650671688;-0,0149507704018695
-0,0235048621437535;-0,0292124517149909
0,00345366191043921;-0,00289290019266752
-0,0112456206467753;-0,0284098888205906
-0,00579075139847567;0,00819530581156099
-0,0295506107216042;-0,0276350610982785
-0,0259646741323803;-0,0134632102015524
0,000413758976935727;0,00408065847360453
-0,0240156423716638;-0,0226709289605187
0,0110139858377354;-0,0134632102015524
-0,0197759734105757;-0,019077792464741
-0,00985177719623671;-0,0036643998629629
-0,00704657830695479;-0,000868813438736246
0,0232832710374341;0,0467397801224234
-0,0169384225807843;-0,0322178027141205
-0,0164466447474042;-0,0102141983868176
0,0223652984887352;0,0136018403193958
0,00325437736590993;0,00158709318950599
-0,0192810572765344;-0,0134632102015524
0,0167482671330429;0,0232871622490784
0,0475132825424328;0,0318276843503154
0,0108322144235419;0,0297739058430794
-0,0134427202305119;0,0111168543542378
0,00684190019522918;0,00658495982768126
-0,000724309507444501;0,0047997518563336
0,028600913540648;0,0730960885060011
0,0164820419802258;0,0291212205558102
-0,0354232231073529;-0,0254259609845903
-0,000613367987506589;-0,0208052349541283
-0,0388950246087338;-0,0339513861673068
-0,00761554371503978;-0,0134632102015524
0,0211522555606689;0,0222523875089428
0,0027659992656255;0,0358626326289402
0,0143790726553651;0,00999094023007963
-0,00656708793493144;-0,0261905958811896
-0,0101907952158028;-0,00952727129362203
-0,000629800075558049;-0,00826281750362587
0,0136762131724091;0,0164464750970893
0,0181918370522235;-0,00112119193065058
0,0163254944811863;-0,0171502582967607
0,068154778706854;0,0674448149818005
0,0123910506167157;0,00246524564850607
-0,0233337607093599;-0,00433788346883918
0,0122303628203892;-0,00133383549687842
0,053740074547038;0,0726027524166745
-0,000307157048519401;-0,00955082664530302
-0,00182275899383915;-0,0134632102015524
0,00661119129168515;-0,000425914605200634
0,000694960993166188;0,00259477656217456
0,0118851556011466;0,00985024128548333
-0,00732911165786286;-0,0101331198630553
-0,0120735002767443;-0,00382992763766629
0,0106621727015898;0,0132671944689491
0,0245814343714311;0,035266450087042
0,0169108757078877;0,0133674539678455
-0,0301709033324911;-0,0259284521773353
0,02557239273924;0,0203224396609079
-0,0353823413982909;0,00220856680412997
-0,00930015272980233;-0,00570824307938364
0,00437624067413165;-0,0102953204049852
0,00429946075063409;-0,0131452309994387
0,0112635896162611;0,0136325018342522
0,0155884514834883;-0,00032073916212603
-0,00257575366160997;-0,00214658709599473
-0,00272492007562736;-0,00251418370269941
-0,0198282131876292;-0,0156297611287886
-0,00853045419329735;-0,00016433579794505
0,0145458604113572;0,00634227511007942
-0,0126713290908652;-0,0210412892654222
-0,00233623889346007;0,0228522932870713
-0,0151969820437345;-0,00299390059609411
-0,011454295737927;-0,0134632102015524
-0,0156537139776308;-0,000919394295067157
-0,0288100937094125;-0,0183208292373852
-0,002846083191413;-0,00665038557726245
0,0040485143645801;0,00557582533173257
0,00654426568193471;-0,00151627758340086
-0,0110359308706033;-0,000340039937781422
5,94197292338895e-05;-0,0215917206995482
-0,0256006747692992;-0,0236953578968334
-0,00744157747646058;-0,00681502806047135
-0,0385225450252342;-0,0198167549542022
-0,0032224571336683;0,00246288055974686
0,00765701218523518;0,00472270810585211
-0,00915411632394388;0,016351249927276
0,0093167957253126;-0,000859182448498713
-0,00742040966422827;-0,0195713085336073
-0,0166844711690658;-0,00987991575052576
0,0138968861184408;0,00234654277516496
-0,0276729533956346;-0,00815525241327949
-0,00411320868774214;-0,0286641132044586
0,00731337686713439;0,000997569434738106
0,00467447350992227;-0,00836939113429151
0,0196769272335094;0,025491539659799
0,00432431782829415;-0,0165074695081434
-0,031740870663678;-0,0241037369893913
-0,0279353919655096;-0,0213561954584918
0,0256177611904255;0,0295669652969716
-0,0328068104310744;-0,0193672438629726
-0,0292415612938013;-0,0134632102015524
-0,0116038762165835;0,00664186376603056
-0,0326735966959701;-0,0277961321032888
0,00919650955821937;0,00876010041986682
0,0102241923588074;-0,0124837770924194
-0,00870720216444842;-0,00829494959628021
-0,017368310885527;-0,0134632102015524
0,00964383303932861;0,00252304469321408
0,00876422092625585;-0,00623958725992811
-0,00813312775346657;-0,0215892129528474
-0,0303545235078486;-0,0248065728020497
0,0112656145164283;0,0114339258194214
0,00985218588464351;0,0101700620008323
0,00915954296878235;0,0107512247163229
-0,0240702324576286;-0,0324521690437492
-0,0144345834380855;-0,0264640369587321
-0,00136874548552285;-0,0110368750845741
0,000775412128070826;-0,00665695309656846
0,0149219823235222;0,0279240891920778
0,0279204571513209;0,0394600641322888
-0,00823549014004558;0,00148632535063074
-0,00986440066923896;-0,0249738935878653
0,069875633595979;0,0780296319783983
-0,0140442542240597;-0,0211295739580292
0,0131514611360158;0,0187604650809256
0,00321913080083847;0,0130375259783501
0,0281854142360286;-0,00460093210424363
-0,0225719521066778;-0,0210506566603241
0,0171258676529722;0,0238239735973897
-0,0278686231740603;-0,0134632102015524
-0,0171839533310156;-0,0174536461601142
-0,0135482853111239;-0,0244440904472325
-0,0247484755533668;-0,0134632102015524
0,0102507962139025;0,00641215832119349
-0,0269736876793561;-0,020670606793739
-0,0214848187798655;-0,0203874186487589
0,00654878112605655;0,00335509846489714
-0,022783910223588;-0,0211441697751041
-0,0154513710455528;-0,00846702945387707
-0,00221936865260152;-0,000230944508975205
0,0187141135807338;0,0125985364794475
-0,00858307711113599;-0,00520699826881707
0,010478702246863;0,0109602112024045
-0,0183705193263302;-0,00785874627038148
-0,0068126197896977;-0,000579117311625039
0,0026054614772539;0,000705222660878764
-0,00206677456068806;0,00824603926456778
0,0181373482676035;0,0188188690119572
0,0123097429491918;0,0103452138100966
0,000851588552501507;-0,00114974558294665
0,00264363558238734;0,000288434924955432
-0,00439127609388752;0,000485486158651627
-0,0187285373479956;-0,0119274022518342
0,00731708651465279;0,00661513165627368
-0,00593855763394109;-0,00572293691893477
0,00867584775243421;-0,00423468854925802
0,00902822726850526;-0,000357863918932328
-0,0248501649433372;-0,0105189588841591
0,0126669779751602;-0,00151989360757381
-0,0357249163031034;-0,0171913658956407
-0,0118676222443125;-0,00249183795050021
0,00252831264670082;0,00347993734060682
-0,0204115890128059;-0,00838587980659189
0,0110545155997866;0,0354667576251439
0,0158216350884883;0,00659197651291907
-0,0329984570021247;-0,0157267337052514
0,0224839666245752;0,02939069881367
-0,0179618760283965;-0,0114347968749581
-0,011081523823943;0,0038203308524325
-0,000708662747202428;-0,00036012548998846
0,0459308533391943;0,0520676829925995
-0,00750717658468796;0,0264976986339608
0,00500343691271878;0,00570263559607318
-0,0102326049688946;-0,0025026625396493
0,0128109707533666;-0,00718368383757269
0,0619472724357304;0,0467132161467193
0,00881000797927912;0,00826981050456268
4,93629979172807e-05;0,0166915733228493
0,00429949263912111;0,00827143354571903
-0,0149943691604293;0,017029805175485
-0,00292710868573899;0,0343274349468471
-0,000326182335883089;0,00056327949712588
-0,028202333219326;-0,0243262837556916
0,00782684746146044;0,0341473043906513
0,00981074507071629;0,00581940249083501
-0,0100787020257848;-0,00272388578125092
0,00381082477908562;0,00151627837503491
0,0062901773740796;0,00338323379233891
0,0125691017355145;0,0315127532780858
-0,00211240689948096;-0,000793464476638831
0,025969722296625;0,0251525179864623
-0,0338836776078899;-0,0288984083792299
0,0465327339124133;0,0196154081756391
-0,00163432812657259;-0,00238279574767436
0,040650045575004;0,0657837305295211
0,0024535813088291;0,0235138010176691
-0,0275727460979307;0,00216313665171636
-0,0124381939665914;-0,000626224740804408
-0,0356766557664075;-0,026913388344546
-0,0231880135134741;-0,0266407794980374
0,00702098897538859;0,0179409206825179
0,0257170967979417;-0,00404962784198254
0,00546395199697672;0,0365193449406089
-0,0385309583552369;-0,0216662696131707
-0,00347812317588888;-0,00383239283102327
0,00184137695851422;0,0126648611010379
0,00816700435816944;-0,0232135044858752
-0,00609343955087565;0,0154214383748267
0,0164767589001148;0,0124735424404804
-0,0161150348129566;-0,0128906823602262
-0,0343621429357133;-0,0311263251817728
-0,00530689482506719;-0,000127596468475561
0,0198024389464316;0,0291407243470873
0,00960681187669721;0,00401924014430767
0,020002151050288;0,012321329820112
-0,0265140709163896;-0,0284001985202491
0,046281273662102;0,0469838043619086
-0,0365600393330176;-0,0353001396157285
0,0146499883112858;0,00350591184293667
-0,00306145567040048;0,000988366424157348
0,018761597024029;0,035342993371098
-0,0101581426734485;-0,00177477935418512
0,00586881962514435;0,000775037179949922
0,0447981734758336;0,0200109137405355
-0,00412715272261004;-0,00324840372438108
-0,0218273187859337;-0,0200205178790875
-0,01385108239603;-0,0226292083084959
0,0417733651349366;0,0402666288017539
-0,000908043202239959;0,00758731774910773
-0,0164981067383302;-0,0129109487307684
-0,0102205536692302;-0,00620962483656417
0,0199668812573624;-0,00575486384648532
0,00124050757032724;0,0059006884811343
0,0170678175655028;0,0445709497074863
0,0057987870134485;0,00484810764643616
-0,010245640421098;0,0110466759079982
0,0527792093590588;0,063872539921552
0,0210527781745202;0,0181308733227508
-0,0270267628956553;-0,015852836125502
-0,0199502145224638;-0,0254053469911452
-0,00359501315960065;-0,00547961142524702
-0,0366054753444866;-0,0289332914320957
-0,0281898106583361;-0,0249035558640325
0,0632662023858879;0,0464755341912865
0,00317946831477229;0,0231634205027137
0,0235002398187039;0,0204476853772638
0,0147169709350411;0,00611755525599674
0,00698154099908619;-0,0158019689887104
-0,000646945323418386;-0,029331359698231
0,000463102694071009;-0,00350602755594462
0,0077569304931583;-0,00767872760667112
-0,00573029225534341;-0,00242591014064795
-0,0215552524417571;-0,0114543730709234
-0,0109927140576529;-0,00351797647396036
0,0156873104106463;0,0109575205329977
-0,0158851080417163;-0,00212867874521947
-0,0381641271159631;-0,026277961400255
0,00484161029122677;0,00413035330296648
0,0657848938969752;0,0498661249640598
0,0405389178363723;0,0221959791522744
-0,0406075128777901;-0,0261900088402881
-0,0203908112703945;-0,0252890846596644
-0,0138915160929064;-0,0096022536379367
0,00914951137647996;0,0104643098897847
-0,00956441523884118;-0,00323285116814458
-0,0296389826638257;-0,024711418373175
-0,0237078521435239;-0,0252437838504039
-0,0123204434606925;-0,0253644838135696
0,0554821480896929;0,0112734948535018
-0,0154063024136523;-0,008028783886885
-0,0252195220440107;-0,0335174341729149
-0,00351350237320414;-0,00942276263518838
-0,00213321269733528;-0,000141320347315057
0,0112350438281637;0,00125605828742959
0,0187429429765867;0,0236176089257569
0,0191214438684293;0,0130103107561282
0,0013652667116128;-0,00610874946187029
-0,0182065739293216;-0,0134632102015524
-0,0310599161803395;-0,0230566658310564
0,0022070635880074;0,00590367576832233
0,00688452192691906;0,00213291340869406
0,00228315216590299;0,00643562414350792
-0,0151662535878887;0,00781269794996025
-0,0267087516348616;-0,0134632102015524
-0,017323165130573;-0,0279136833617802
0,00275797465061287;0,0124390571808662
0,0501220877183947;0,0477002093670091
-0,0276963286835553;-0,00296850495868069
0,0579154257440336;0,0447304895120865
0,0513742776757008;0,0447014497150012
0,0128227850171116;0,0176671696331637
0,0551415827019047;0,0363337124023184
-0,0136656556782198;-0,0042869431001107
-0,00357728669988257;-0,02932829806038
0,00671872502636617;0,0431027146554205
-0,00304266592999876;-0,00340194514401892
-0,0206889178675301;0,00694557345980555
-0,0109431273231667;-0,00722958523912369
-0,0216328198272786;-0,031134983103576
-0,0249144999775042;-0,0266835184092676
-0,0166630318606967;-0,0134632102015524
-0,00027833410534737;0,000397327374840271
-0,0087049642218625;-0,000545091981933613
-0,0189730838395636;-0,00196533107489292
0,0254327016211005;-0,0180339367445259
0,0102689952247385;0,00826620141122022
-0,0119279486469184;0,0244356142830123
0,020215755223016;0,0159263128767437
-0,0187514571861112;0,000202677123129472
-0,00781187454104427;0,00206299903219928
-0,0293380436157354;-0,0332669930378755
-0,0141408031066584;-0,0190537401305747
0,00727542657416893;-0,0134632102015524
0,00100477549921031;-0,000474233787977488
0,0120805654062688;0,0168092568390178
0,010426603155982;0,0153875434609811
0,0454460890162709;0,0415944242869824
0,0536356387949101;0,0235435348609915
-0,0187915466009639;-0,0183012699055021
-0,0125453454292983;-0,00554151268134288
-0,0291026994983995;-0,0287008061707999
-0,030550496880012;-0,023346524695216
-0,0101689879655322;-0,00805850394111077
-0,0177454739276624;-0,0102567232391068
0,00663321260317716;0,00825392037147739
-0,0365812072680939;-0,0269008007900103
-0,0341525942088739;-0,0134632102015524
0,0119236920617452;-0,00164126872463151
-0,0161371425734476;-0,00961282818810942
0,0167399743752636;0,0051489517231822
0,0303532005384799;0,0245451554162982
0,0150934226003386;-0,0220960746144547
0,0435619382866336;0,0487654356440305
-0,011419454432966;0,0255835108098917
0,00303457173415691;-0,00111685091503545
-0,0173309829028986;-0,0272140307771073
0,019448860068841;0,0130467557763784
-0,0149166420238659;-0,0134632102015524
0,0177130507811296;0,0143753258289141
-0,021554949075612;-0,0105176000750814
0,00752020783023507;0,0124977902033551
-0,0355937804529833;-0,0237301519172074
0,00381212516987557;0,00323436380269551
0,0531024996293285;0,00611525763718813
-0,00511021136390131;-0,0204336893510846
-0,0213573424484374;-0,00651815989480169
0,0191093732460065;0,00421364489755251
-0,0316891485972498;-0,0236187634218255
0,0127563598853156;-0,0203550611566726
-0,00951859395088268;-0,0133050110679178
-0,0245810166111194;-0,0217777943211217
-0,0114912458568838;-0,00750759290065963
0,00851974859030598;0,00486395442781104
0,0521598612240118;0,0391267939706889
0,0257603206267276;0,0342358996676718
-0,00347491175578266;-0,00268295433942625
0,00204676744951334;-0,0177493595225531
0,0197523519133468;0,0263041323130335
-0,0091207133859578;-0,0210838379219739
0,002351135028994;0,000522528536556306
-0,0138525038579235;-0,0197763569994628
0,0654436567747691;0,0681441595127848
-0,0103641346391227;0,000235495093841522
-0,0271318404444155;-0,0240330036955021
-0,000678348329706768;-0,0234727198440485
-0,00689135614105714;-0,0116313657782695
0,00753362788266785;0,000114813062634637
-0,00860935741827872;-0,00990798718726326
-0,0183188290823946;-0,0152239892429145
0,000153299143802026;-0,021132796357378
0,0101896544190728;-0,0134632102015524
0,0195182179335967;-0,00265811061240342
0,00263962159152905;0,00155994189363396
-0,0194695317279844;-0,026408821267354
0,00863048076677785;0,00854204307659748
-0,00140021963284539;0,00203741624859424
6,74710776777345e-05;0,0313061524106631
-0,00446955705611196;0,000388212289235064
0,0247956010877089;0,00541033950453327
-0,0175275104271513;-0,0134632102015524
0,00363456960315537;-0,0134632102015524
0,00912218791368604;0,003457701258138
0,0673925145854483;0,0423819486004139
0,00597214649198725;-0,00719035000579327
-0,00311385424790689;-0,0104030109739112
0,00081043268625006;0,000895105042184224
0,000866540855758671;-0,00982161968220124
-0,030028746854189;-0,0275845034828409
-0,0227544840636989;-0,0230160039371556
0,00739289984087057;-0,0101767583387379
-0,0298161249777536;-0,0230066842049274
-0,00547982233272885;-0,0239657092960836
-0,0141356451405506;-0,021739109838036
-0,0208332752339555;-0,0244499755982561
0,0113248341152278;-0,000252053575673906
0,0190924765957121;-0,0184472580341372
-0,0173387039460623;-0,00462978581125653
0,0135516786066665;0,0132764308699464
0,00632781109879689;-0,00880320046873071
0,013755591863388;0,0109811672644418
-0,0318995956083187;-0,0116955070624269
0,0053065943616282;-0,0131314771769588
-0,00257812173037058;-0,031254129991404
-0,016341420517577;-0,0145409439465768
0,00337189391742534;-0,0219556020912334
-0,0132017022397673;-0,0306143946655331
0,064352468450461;0,0529830556887755
-0,0293901333255677;-0,000595094568793482
-0,024946052407711;-0,0233824445546623
-0,0189600460745493;-0,000520687865855412
-0,0028601001350645;-0,00835005889124252
0,0203378330470058;-0,0147602761749917
-0,0231217502067853;-0,0184731984507054
0,00209816038834192;-0,00345832539108539
0,00213331884827205;0,0249297760678775
-0,0202429625063444;-0,0268179236343216
-0,0196959322978505;-0,0310138505979771
-0,0208299561802069;-0,0121519186116027
-0,018948206998105;-0,0147874313073665
0,0373452943266107;0,0198401096650517
0,0477621748315726;0,0559084970325444
0,00411542557235656;-0,00645471096715261
-0,0243743107548766;-0,0157490979095744
0,0107185357128904;-0,0134632102015524
0,000920501795845744;-0,0113564652495502
-0,0205788267352586;-0,0142987592206878
-0,0133127230811422;-0,0189026025501449
0,046249466492433;0,0048040595554548
0,00934639274591909;0,0309281758364767
0,00238130791829181;-0,0134632102015524
0,0107391980190316;-0,0118638806643941
-0,00938435684630717;-0,00318619696862346
-0,00964162339119352;0,000320089981567174
-0,0276408129678105;-0,0284583573073447
-0,0108151436257004;-0,00616780312576905
-0,0162637664164649;-0,015230265946623
-0,0375524540177078;-0,0265088086887111
0,00207281106765532;0,00126755360924827
-0,00552133057192314;-0,00344725920647396
0,00327867175580928;0,00602775406987584
0,000817411262385192;0,00513991008595935
-0,0174924938028053;-0,0063134491535518
0,00893301387317751;-0,0248911395556656
-0,0275198924372441;-0,0123940179431207
0,0239990440428929;0,0309724038345403
-0,0232983395591522;-0,0257347263696653
-0,0308685442070756;-0,0263345359629712
0,0357382428779948;0,0221009611836746
-0,0248015764230622;-0,0234863249970555
-0,0169326063379118;-0,00292338710474657
-0,000660378607502987;-0,00475782648556629
-0,0141285341818375;-0,0134632102015524
0,00313422975310816;-0,00341928063278859
0,00193339675987354;-0,0178420386503524
0,0102025011263676;0,00305174676007296
-0,0217478175842439;-0,0110786935325584
0,0149837994919087;-3,5585290979083e-05
0,00765133436456196;0,00117409356595469
-0,0197997320107162;-0,0250650109892164
0,0140323621987134;-0,0134632102015524
-0,0218876159161049;-0,000430035195305023
0,0173909790813297;0,0171458177376324
-0,000530611391859291;-0,0134632102015524
-0,0253928633689992;-0,0188766573485639
0,0589756274130687;0,0478200652018445
-0,0128036446145503;-0,0230866102483971
0,0223528369161895;-0,0134632102015524
0,0189631540944003;0,0395014569367281
0,0169937641878043;0,00573148053595688
-0,0115434437707744;-0,0238881874170947
-0,0022073870458099;-0,000775905065192531
-0,00439654717457288;-0,0124742658511895
-0,00247288005584826;-0,00550097026309731
0,00350821471909181;-0,00892123871393086
-0,00013614896537243;-0,0219961572601681
0,040987207220549;0,0399516022644385
-0,00956829454622761;-0,0129671800920307
0,0029234325673651;-0,00060155187940409
-0,028936704685484;-0,00847509089901142
-0,00224172788884376;-0,00937448493091388
-0,0276260865823748;-0,0240632423715608
-0,0190232402607336;0,000383971323704632
0,00235789633874315;-0,0134632102015524
-0,000683964554354813;-0,0014495586481966
-0,00508939574327052;-0,0137124017333548
-0,0185539015678427;-0,0121934004552218
0,0180248946997766;0,00915138676195897
-0,0076160318202657;0,0117269299568904
-0,00627091371897276;-0,00425946462751344
-0,00207017017175625;-0,00243169018958129
-0,018420337781551;-0,0162584338471914
0,0160388883410613;-0,0112176495895881
-0,0214312130556669;-0,0225910083513828
0,021231977880548;-0,0296564925523964
0,000287662620746831;-0,00296965173774205
-9,34731930974068e-05;0,0076752666265736
-0,0284526788948913;-0,0248394214503301
-0,000689785347508715;-0,0261609112199171
0,021447415363314;0,00769097768572297
0,00137195602836911;-0,0138543637434964
-0,00969115808700404;-0,00554918786967673
0,00769412269242942;-0,00731311139530025
-0,00330911925793186;-0,000840502987140849
0,0497750738362591;0,0144935800421652
0,0152982890171163;0,0061467287781755
0,048773805112242;0,085652063966879
-0,0116993135709989;-0,00871272828182746
0,0448419898080087;0,0443875361167026
-0,0110882659550438;-0,00623780008045431
0,00799080470941474;-0,00584902728453995
-0,016238921742643;-0,0134632102015524
0,0138056010285587;-0,0088496825119412
-0,0404458065934452;-0,0134632102015524
-0,0330227250785174;-0,0134632102015524
0,0130736288543859;0,0276939897280103
-0,016367291988512;-0,0134632102015524
-0,0228278508570254;-0,0135666569330772
-0,00226136442072655;-0,0134632102015524
-0,019932466435943;-0,00260680757595543
0,0156041523789556;0,00775355623511457
0,0257041411863698;0,0385204985009503
0,000563235246381177;0,0120951805483501
-0,0313084230793552;-0,0134632102015524
-0,0140722062573298;-0,00374042973448802
-0,010679882316512;-0,0122990824835443
-0,0185365176812767;-0,0251111295773458
-0,0103564153576836;-0,0134632102015524
-0,007370743517263;-0,0265594829921248
0,0192458534125374;0,017200064718064
0,0159556244141901;0,0348701014944889
-0,0120202147912942;-0,00885982573405845
-0,0139560142885221;-0,00399357216112053
0,00870453459452418;-0,00272062654925393
0,000797354239983318;-0,00737204902993422
0,0216159353216035;0,0148847412181347
0,00753718908077822;0,00148160025623799
0,0130355354202989;0,0103330057516756
0,00662423016754544;0,00626102456093054
0,0146933012965703;0,014183564551332
-0,0188034880387295;-0,00557307607320016
0,0111955448184603;0,0102208684022238
-0,0167129009980229;-0,00553708097361152
0,00992767251252713;-0,00728017495459447
-0,0178176855093341;-0,0267398991849701
-0,020438378927033;-0,0245115009115914
0,0147506436792399;0,0260233204269847
0,00730776227322557;0,000929775766966528
0,0222982741502394;0,0273251783496268
0,0223384623449441;0,0331306085456744
-0,00626238663167547;-0,000542618672263187
-0,0175241541864239;-0,00751349937673962
-0,00149314443575401;-0,0134632102015524
-0,0088532896112635;0,00278026646096482
0,0127772012398328;0,0137263262053645
0,0231709596393294;0,0116048518996537
-0,0278831771540692;-0,0275991441137693
0,0262208519089827;0,0189950577174253
-0,00233435932147687;-0,0095952639858236
0,0170363928097144;0,00920261733240231
0,00807601388208203;0,0102178835091099
0,00275867349103098;0,00220985090445777
0,0671448992434297;0,0592260791034719
0,0442033082123085;0,0304878291460423
0,0573439299470094;0,0768866108120083
0,0114124089811222;0,0593489928831764
-0,0127965544937388;-0,00841493967562162
0,0343508727093513;0,043900142983584
-0,00899197385352565;0,0183820292677949
-0,0264984021443865;-0,0215608759027022
-0,0215041806464355;0,012388599290435
-0,00318724668563108;-0,0291543107504169
0,0232597177737723;0,0234276848580207
-0,000933806224564847;0,0231602485916136
0,00192941075957551;0,00413450621731022
-0,00103029859292312;0,00121072356271359
0,0172253608491665;0,0200797294176565
0,00109147021022255;0,0179538743995089
0,0175603692242523;0,024194198624308
-0,015988724124125;-0,00570163647750622
-0,0161549739801018;-0,00174404278162877
0,0655452669375991;0,0579437732407247
0,00532521013113148;-0,0134632102015524
0,00875023868417968;0,0065747146776909
-0,00498394576730847;0,00625005213531968
0,00886345559905368;-0,0134632102015524
-0,0185543826052064;-0,00561692723797765
-0,011557890662237;-0,0214169381964393
-0,0155668338908114;-0,0134632102015524
0,0730366281558842;0,0567472679542064
0,0261847148499917;0,0813460009161638
-0,026866289966286;-0,0233971772907706
0,0166946875842255;0,00940140306982912
-0,0114507259036909;-0,0227215884781444
-0,0109018184886005;0,00948632282773157
0,0116945267064214;0,00868127238122518
-0,0118247188157138;-0,0134632102015524
0,0421721828727033;0,0465278020950946
-0,00697427320150951;-0,0123088701300476
0,0109525288955329;0,00355857848798601
-0,0117296488142036;-0,0134632102015524
0,00979717684275279;-0,0134632102015524
-0,0169279510020454;-0,0236619138925479
-0,0049334498786656;-0,0189139746530247
-0,010645513191674;-0,0134632102015524
0,0290078878377419;0,0323984563290521
-0,011890415209743;-0,00568347188467357
0,0207577961392304;0,00826131189981846
-0,0173893184586889;-0,00688083908648006
0,0193005107297116;-0,0201890700303529
0,0519091248220834;0,0172068419951393
-0,0140227562362744;-0,0134632102015524
-0,00943100653878803;-0,00493539060512872
0,00268306943734865;-0,0134632102015524
0,0171168105559715;-0,0147287736057021
0,0178216293611211;0,0167811854840822
0,00181227746654153;-0,0205435371687673
-0,0024245040884782;0,0045741260277858
0,021353841717116;0,0705850137423104
0,0163778743752917;0,00355641534629026
0,0447480589709892;0,00391674958433133
0,0436553936177872;0,0323353565237463
-0,00631778014073406;-0,0176807210437894
0,0216641217546238;0,0496938953110835
0,0211443141161609;-0,0209473198500893
0,00335839079177384;-0,0134632102015524
-0,0127201484006602;-0,0205209688794596
-0,0212391813277139;-0,0301341170450497
0,00731934619785689;0,0022957117773265
-0,00561447526327811;-0,0134632102015524
0,0626882151041806;0,0564816365895165
-0,0112103691119509;0,00643071195791705
-0,0251664391580077;-0,0273959044611219
0,00979583853084809;-0,000418517365179322
0,0104904272708244;0,0343665368646591
0,0158253986297212;0,0474335625997481
0,00961269091439532;0,0116462262429901
0,0230372317028199;0,0298490656422547
0,0227635559149864;0,00836848907241929
0,0167808473171264;-0,0327378211480513
-0,00721572005380853;-0,0164288521035123
0,0516078823897642;0,0585525284769923
-0,00406566921765423;-0,000363933280179915
-0,0243037004026741;-0,0277878639030259
0,00192468347656774;-0,00415310606474973
0,0314052228898765;-0,00615779625214294
0,0036673823368262;-0,0280369780083865
-0,0229093745002607;-0,0256403357599572
-0,0269646170751103;-0,0299677446585286
0,00196092130263066;0,0140128078967872
-0,0198053674512478;-0,00633543689685962
-0,0112564168401648;-0,0223805478135366
-0,0046557369232677;-0,00078989142952069
0,0271161369249635;-0,00333983353348064
0,00314382626029095;0,00811475178156555
-0,00193490303603246;-0,0207123916146962
-0,00706810883246125;-0,0013250228222153
-0,0261899114430358;-0,0254399391821338
-0,0103799578276688;-0,00701716611266167
0,0214641995354981;0,0561953844115078
0,0671676486983652;0,0443265140856779
0,0264239085546575;0,0486796819006646
0,000335433496193508;0,00154132704651076
-0,027791677780479;-0,0264214512673131
0,00848016973447923;0,00743772635760345
-0,00143418036192875;0,00336853622396802
-0,00051860808999551;-0,000414465549134504
0,01466229413028;0,0441238520318936
-0,0247944641258054;-0,0110870188032443
-0,0137856027053633;-0,000319769865877685
0,050032431985904;0,0266446448467878
0,00381865420008003;-0,0167131242689145
-0,00668999379351334;-0,0242168873409265
0,0115101990063025;-0,0067238920282993
-0,00671058939543831;-0,0255728423497373
0,0108037894283772;-0,0134632102015524
-0,0305937636792571;-0,0350744827816413
-0,0296616794995948;-0,0146208454307065
0,0511476038885317;0,0187807950424344
0,0524512564940044;0,0249546648442267
0,00430204277976648;0,0147611526497263
-0,00661948712317159;-0,0134632102015524
-0,0109808019620214;-0,00485073658573175
-0,0190950730008867;0,0113179801429764
4,80659672883244e-05;-0,0247768434039593
0,0045052350851766;-0,0134632102015524
0,0106557378881746;0,0517203004074056
-0,0255372723408475;-0,0334084240858074
0,0321369060882516;0,0216048846905735
0,0298581426936026;0,0301297093417891
0,0209053678466045;0,0036160102704104
-0,0197309027012478;-0,0134632102015524
-0,02610695805618;-0,0256372893787001
0,00334721612135455;-0,0195319571785663
0,00357032766977608;-0,00508635537872392
0,0163304168531326;0,0255764823833685
-0,00393850482337608;-0,0215988820967052
0,0274306614635553;0,0110719789320292
-0,0342682501458181;-0,0315387883568548
-0,0241455811332953;-0,0226293055697234
-0,0249840770644127;-0,0258873204713147
0,00279713722601801;-0,0247616831551515
-0,00548920046736996;-0,00824988223056134
-0,00120599134879748;-0,00548009142253642
0,00779950125078898;0,00962343982262043
-0,0044893587598514;-0,0134632102015524
0,0040543570048957;0,0068114608237297
0,0164163751074105;0,00354657107289976
-0,00916129622664558;0,00160482391568646
-0,0243600369927264;-0,0289003190949466
-0,00391015276802254;-0,018305755745645
-0,0227668551357683;0,013815171406641
0,0376921755778725;0,0122403427373526
-0,0062577822205089;0,0100513999775427
-0,00094183082060655;0,004111996858536
-0,0220570893641077;-0,0311160167211589
-0,0126267646346912;-0,0243804634005577
-0,0223207106960187;-0,0224590839188465
0,00911759675640828;0,00490360254908509
0,00464125786999268;0,0124326562436993
-0,00404480911430206;-0,0134632102015524
-0,00177532324174741;-0,0149383758416666
-0,0234357685411578;-0,0228224814674028
-0,0183937325371758;-0,00410770049962452
-0,0223484467207419;-0,0134632102015524
-0,0266684165430594;-0,0268763836045319
-0,00472194955763434;-0,0107483955129161
9,22425431757761e-05;-0,026155189276295
-0,024264972605837;-0,0217507572328547
0,00502474259192869;-0,00276713297762823
0,00813637753188188;7,58509571943819e-05
-0,0129396930983915;0,0141156065314949
0,00848518319133096;-0,0134632102015524
0,0206555879388213;-0,0052023587180871
0,0277724325708599;0,016278083345269
0,0081598453549433;0,000810625482601099
0,0549768230752249;0,0515505103938418
0,00881857184203388;0,00396212736937013
-0,0111359795390092;0,00666720454315868
-0,00878784215079766;-0,00344908216914767
-0,0104080762572179;0,00811053535223507
-0,0140992454883836;-0,0278806697665092
-3,71256780233135e-05;0,00156592524933342
0,0146542191996885;-0,0151214797288473
0,00814322693410938;0,0183093997088336
0,0103350053031445;0,00504328839321551
-0,0135005591789762;-0,00632225365913576
-0,0169514590499824;-0,0116972964918622
0,0199655272200978;0,0155765075910946
0,0115171063321938;0,00982642243253972
0,0229795423692027;0,0132233088146023
-0,00589943277457894;-0,00916213313232222
-0,0134500248068721;-0,00818665883441509
0,0115465237352421;0,00589564300625978
0,0614530555270523;0,036841803666127
0,0276434551904818;-0,0277723705769597
-0,0129419097828527;-0,0249440122335033
-0,0256353768567849;-0,00992344864776409
0,0194655446021581;0,0035399882059301
0,0108310642156308;0,00291917677946465
-0,00208765756680656;-0,0043786858910516
-0,0225136938675026;-0,0323339607559981
0,022180163504694;-0,00199367398625517
0,0457842033931711;0,058552848244713
0,0280242020918023;0,0375290711231508
-0,0132358618244409;-0,0302445874056468
0,00439192867693593;-0,0132561465121068
0,0630917749908289;0,0712472384705571
-0,0196404741835864;-0,0161483367259261
0,0130570848622779;0,0191943205239662
0,0125611425516631;-0,0179430614496228
0,0285945781724814;0,0166320957034692
-0,000847948764258253;-0,00023620602709455
0,00816840089873381;0,0115473936369637
-0,0142911815107984;-0,0134632102015524
0,00376884495303126;0,010734883919901
-0,00494523648662978;-0,0134632102015524
0,0177971607129924;0,00188965594065862
0,0157760183709975;0,00983625042410423
-0,031965044300547;-0,0270379415630949
0,0170306461771128;-0,00440659705624636
0,0166374991231824;0,0138576421138282
0,00981911689406601;0,0425312390863378
0,00769333414768058;0,0110812569899985
-0,0204876563537849;-0,0235423075241285
0,00954591609509206;0,00872294477317312
-0,0288232565674357;-0,0264702784000446
0,00768883450564948;-0,000608305169893493
-0,025269171114551;-0,0138963311127091
-0,0174169561409304;-0,0201790354074767
-0,00258852712887608;0,00617209427949374
-0,0181629635323449;0,000593293309067026
-0,0343378497862452;-0,0321451352595038
-0,0409194839289627;-0,0254634044120664
-0,01870594862045;-0,0186372765036889
0,0345552947861525;0,0155271394621354
0,030191194721077;0,0265336061878795
0,00587542656362218;-0,00285411480710545
0,00739579049123274;0,00774213797306096
0,0520600758711235;0,0391836765818672
-0,0116473584025781;-0,0134632102015524
0,00485650585541819;0,00809250035678182
-0,0112860000851841;-0,0118889076266675
0,0128030846127363;-0,0157826994546819
0,00200471373343122;0,00625152364462548
-0,00821351086031272;-0,00217159917986086
-0,00689811880365526;-0,00395971182735345
0,0100118500215451;-0,000659761557234095
0,0181693984057977;0,0133677618890903
0,0146009699960987;0,0302592959168109
-0,0185218646890664;-0,0103186307396307
0,0699865198541565;0,0642804875541148
0,0173219689841937;0,000608944109330548
-0,00360991998590671;0,00643115668759411
-0,0324006756133792;-0,0228944152824342
-0,00185489209367527;-0,0174933300964528
-0,00421004011639602;0,000927492577661109
0,00871943370076427;0,00833968063383874
-0,0131244853237874;-0,00101731179686579
-0,0100520720708449;-0,00416670937473294
-0,0166172903251891;-0,0064154262261994
-0,00310658143549008;0,0324914976980985
0,0185653939551756;0,0113021710052509
0,0045234244938969;-0,00604538283538058
0,0131992370132114;0,0151583888260654
-0,010399049662795;-0,00686568028787869
-0,0337083696257617;-0,0220418628687068
-0,00541734807977595;-0,00603304608702738
0,010966491150532;-0,00506962371649329
0,0139842804829517;-0,00356925782679244
-0,0224165243409628;-0,0134632102015524
-0,00823340045749024;-0,00709153416159653
-0,0148448767797349;0,00187594793867675
-0,0116620097331889;-0,000584378793130698
-0,0002892262672505;-0,00465178069337545
-0,00877881687328184;-0,00428108437433612
-0,00245119240207536;-0,00911199692376091
-0,0262756767943669;-0,0243243899633993
-0,026164655785577;-0,00615653105774201
-0,00651278587264697;-0,0258433700605461
-0,0258072814342682;-0,0228596450104852
-0,0194268563593264;-0,0101616292361338
0,0509508841268256;0,035480594009427
0,00743524506506273;-0,0164187212386381
-0,0271993841922827;-0,00656127273680443
0,0248831760064057;0,00215236306022019
-0,00548231872832189;0,00204582015877022
-0,0154366702562827;-7,54910650172018e-05
-0,00941570895125751;-0,0134632102015524
-0,0236694629585153;-0,0176941767550131
0,00679977833875329;0,00633426268928025
-0,0267254743061798;-0,0234431205046001
0,00266764771096097;0,0129947798175723
0,0011488801500406;-0,00356280614901568
0,0623398810981974;0,0864136248935173
-0,0152723937676337;-0,0224837363686559
0,00335745415111535;0,00547477860748806
0,00774016344981968;0,04136309126542
0,0716784660804367;0,0832097932820055
-0,0327672130256172;-0,0224761136078381
-0,0145788874788942;-0,0195099442371961
-0,000107057738374094;-0,000440906096252276
-0,0250693169945939;-0,00994532641907783
-0,0291013885413568;-0,0213182755554078
-0,00345785211082024;0,0150540143025633
0,010395708673605;0,0290644649111557
-0,00944373314928343;0,0141361655659538
0,0196536840275447;0,0156289240209406
-0,0378995638965778;-0,0255444911581932
0,00725527223229127;0,00593617787633807
0,0341874389339313;0,0426127012085343
0,035549775172616;0,0227908072264073
0,0248682638161313;0,00581486169075305
-0,00960476930934102;-0,00970713418559931
0,015921778118584;-0,0166778095698982
-0,0310417023054453;-0,0261935757351095
-0,028725196789943;-0,0192016663896656
0,00213771307719448;-0,0168517183375163
-0,0260886374162188;-0,00575386407700466
0,00961689133760153;0,0117297083738527
-0,00133644522547405;0,00539580868600164
-0,0253869158408947;-0,0192459524791482
-0,00250669148624881;-0,0033867429155409
-0,0151950207801087;0,00832220312888654
0,00470953964404494;0,00804560855137217
0,0189645919971662;0,0117702266732005
0,0247590590136894;0,00401382065846781
-0,0332509302699165;-0,0271442440941202
-0,0063212357389094;-0,0128656684827141
0,0238888995380795;0,0237523028000996
-0,0329863229639283;-0,0134632102015524
0,0200255860354098;0,0119548353639276
-0,0334805401253893;-0,0263207113166559
0,0111743942006224;0,0105245309356782
-0,00876030917363782;0,00352185406980421
-0,00631448133175555;0,00209799713960075
-0,0289066935767735;-0,0331389500269853
0,00566144057118225;0,0067223775447367
0,0100477208032693;0,00380853222317955
-0,0244134766326826;-0,0111558107786687
0,0154705608670522;0,00601237027817759
0,00966303687165353;0,0104703729936733
0,00372216918287477;-0,0224115666132817
0,0130132455264818;0,000655114918117222
0,0035091078676626;-0,0128241366997891
-0,0122618353283699;-0,0221374357811947
-0,0341104119486245;-0,0333414530194497
0,0165015634377044;-0,00676081365401106
0,0536824790258976;0,0526081405160256
0,0206817120812365;0,0154480923549685
0,0185343593026767;0,0257558758698061
-0,0338937997658378;-0,0301105784079528
0,0561529111710398;0,0175675220855411
-0,00600944985491308;-0,0178890954842581
0,00670966711779334;0,019735519302796
-0,00933100115023928;-0,017992404064185
0,0474681264831382;0,0526564658707004
0,0580399367712907;0,0726975372928192
0,0223601854657705;0,00930364551084277
0,0560705149096577;0,0399888031364576
0,0416100588319503;0,0372506017581044
-0,0156486602029015;-0,00637902763511975
-0,0218700948574865;-0,0156410696115784
-0,00555475398768013;-0,0252685857500314
-0,00490649127433581;-0,0061973954094856
0,024089225879289;0,0074832704578593
0,026416223317108;0,026490354109879
-0,00558601962843515;-0,0135763026717549
-0,0163754669921826;-0,0230784164661494
-0,00948511785738957;-0,00962377570538039
-0,025000021438633;-0,0073028604950507
-0,0156405250491087;-0,00526374209727776
-0,0332509302699165;-0,0209580650611509
0,0303000667839992;0,0128264863210713
0,0204167619444453;-1,89398737411001e-05
0,00276271235063454;0,0144157186249662
0,00013036136517197;0,00286882069827854
0,003424421445298;-0,00190121411360327
0,0206635762238769;0,00446499328928804
0,0144186718812542;0,00609939556882384
0,00284709730103069;-0,0162931298061088
-0,00717749573320052;-0,0189712235718322
-0,00514518345688147;-0,0227814093082329
0,00707194053142263;0,00935040509837693
-0,00454596694205557;-0,0085090833648901
0,00521104736858628;0,00603592171559274
0,00729955142075415;0,00335462696913676
0,00394452704481312;0,00350336396895104
-0,0018947690863422;0,000123577809897137
0,0195989182456239;0,00689289489393742
0,0163757262812819;0,0110202149974696
-0,00856683260698597;0,00419884890743892
0,0224016219440538;0,0238732854706841
0,0260737182436771;0,0240075884761058
0,0185787644137197;0,0275995126460718
0,00957071396524986;0,011494959467459
-0,00782312561435253;0,00022977971861076
0,00244471995791274;0,00265129872817216
0,00181651448804806;-0,0134632102015524
0,0033390940501314;0,0046657564699898
0,0209542110002758;0,0218283249338803
0,0199514567908251;0,0273029041357818
-0,00999064805510797;-0,0191109240685168
-0,00571434426895633;-0,00537361864576957
0,0727774125834071;0,0411905968299239
-0,00271079414231098;0,00539594273237932
0,0293442811764713;0,0628114007093544
0,0143378802794827;0,040791403880699
0,00672219868995493;-0,0204077056288047
-0,00136457742840526;0,00509308269039166
-0,0116096916593536;-0,00397891073373526
-0,0037944710049693;0,00518274320616893
0,0134670492893721;0,0362913219551338
0,0272582411626911;0,0854248767874975
0,044967929147213;0,0301752456621954
-0,0128841481358831;-0,0268936615751467
-0,0176071655483737;0,00217221339167434
0,00107669098280546;0,00530196502285451
-0,0039445121607189;-0,0161645045846347
0,0232383121505906;0,0319633274412741
0,0191688795717534;0,0131719009571765
-0,00839315260765242;-0,00542009452259682
0,0134149636152539;0,0108924172554667
-0,00403276599607569;-0,0170820060118439
-0,000160667757842605;0,00576144486182352
0,0148551240978148;0,0170143475992011
0,0120354299278141;0,00462960607428856
0,00525262534082186;0,0119350671163798
0,00622184295607411;0,0188280909754564
-0,0198272302711866;-0,0266594374912574
0,0203011946836935;-0,00637992051263792
-0,00850069790452482;0,00177758912196692
-0,0313146114657446;-0,0217482916515404
-0,026762212282761;-0,0197627830684843
0,0269660701196501;0,0169134932766189
-0,00139904044224506;0,00939535944481054
0,00236191012899511;0,00287003287617461
0,00207860062580854;-0,0134632102015524
-0,00064843148242885;-0,00218601476677444
0,00154767677475216;0,00870801083772656
0,00741530783808802;0,0085114091144705
0,0233135765783594;0,0100624245437544
-0,0310122566711077;-0,0234875534879941
-0,00175311816012982;0,000324581371062692
-0,0122040686022589;-0,0253098922179047
0,0218128451339006;0,0130948742946227
0,00779863732842456;0,0144672425461889
0,00709901766441442;0,00677865943173215
0,0168574245188948;0,0143484543247979
-0,0220046981247274;-0,0227659045760392
0,0127129356934757;0,00360288971429185
-0,00604410814547644;-0,0177522846860642
-0,00725962983755564;0,0233846643200859
-0,0285666764680019;-0,0227851193843935
-0,0013819310337387;-0,0170496072698986
-0,0228719542839152;-0,0329374139442041
0,00018271629789724;0,00311682588624543
-0,0184087488673785;-0,0134632102015524
0,00217171757147627;0,0038191796550774
0,00426196429303266;0,0138666121865242
0,0458842772049516;0,0412670438363308
-0,0160019052974697;-0,0111201022777143
0,00822313757375319;-0,0127833393546819
0,00397384845533547;0,0004432374025212
0,00919253251599097;0,0171069651017113
0,00987155477560931;-0,00338233799948402
0,04086351080489;0,0387593279442565
0,0143304195906305;0,00510292412828479
-0,00165028872630519;0,00600385685968819
-0,002924010151179;-0,000481214733525655
-0,0268911005279769;-0,0087799764778514
0,0487344975986495;0,0175823012881996
-0,00715685976143566;-0,0237431201101929
-0,0196587458951692;-0,0173543076453602
-0,00736141817533018;-0,0227216771851958
0,0419215099418987;0,00132311183265623
-0,0188853903176146;-0,0245966186336195
-0,0123903658114062;-0,0306935642805447
0,0398866143906769;0,0358105252784004
0,0158885559627288;0,0251028850160011
0,012460205324048;0,0119858800553764
-0,0174939963707101;-0,00567837497976935
0,0431958038144366;0,0273102145851465
0,0194778978513812;0,00958038951257517
0,00378598744729223;-0,00936159261500695
-0,00684388480985389;-0,00894150288948911
0,0137752745192112;-0,00118213120725196
-0,0271026718785563;-0,0117200673313851
-0,00429005822020407;0,00790344970167085
0,0583878234304834;0,0290391709854523
0,0136172266970883;0,0192605961714305
0,00307831576954605;0,0113254280854735
-0,013684624143715;-0,0117550521259508
0,0203603807489144;0,00669282864389995
0,00630670507762384;0,0160296137690279
-0,0127147384924968;-0,00234877911622169
0,040975552157643;0,0313828601932595
-0,013435535864081;0,00475182532483775
0,00296187208688645;-0,00403092644702809
-0,00788788752962542;9,58125592552035e-06
-3,56583986481499e-05;0,0184229277822014
-0,015944588934056;-0,0250405897487866
-0,00645763999146113;0,0149996651544947
-0,0125341486749134;0,00521039216137938
-0,0109251569478792;-0,00909285693843777
-0,0121785488837861;0,0256960723608275
0,00367872521781523;0,0228625175741693
0,0201705544180581;0,0291023584960248
0,00148912216391654;0,00777996263254255
0,0632003301597572;0,0324602164026325
0,0605386160089432;0,0368962579918736
0,0452979023311763;0,0391752002907125
-0,0135438464950057;-0,0101171289832548
0,0133330063346453;0,0228398400875865
0,0072194554418585;0,00398705137120771
0,00941042537116446;-0,00461637363832526
0,0220794626891605;0,02145961975817
0,00522237087131993;0,0195233311601292
-0,0120311550934475;-0,0109858936344072
-0,00465157181152563;-0,0178466763772921
0,0218276597172629;-0,0223985522524193
0,0180077932735318;0,0271804829752667
0,0222248544324672;0,054814773603694
0,046407627039712;0,030549378340373
-0,0329475776046045;-0,027440137419246
-0,0108337772092197;-0,00653095591194533
0,0225070437214386;0,0168526385860236
0,0294582204043625;0,0272883635255397
0,053333481245027;0,0516244716649268
0,00264628532142499;0,00737006641691862
0,0137743365578391;0,019752059300831
0,0183267170294704;0,0139015745705021
-0,000681227620818764;0,00414730877749152
0,05596780869527;0,0564854478049249
0,061227171507401;0,0523602224231706
0,0351107933598651;0,0247601332065749
-0,0101975038144107;-0,00123992248541246
0,00173021509663452;0,00302344273646795
0,011728390290347;0,0113556510971917
-0,0300682435648655;-0,0251963515431652
0,0303399764348698;0,0223404767056011
-0,00724298183608577;0,0114203624288082
0,0607206556555751;0,0502273031796633
-0,00285794524770342;0,00870576999498301
0,0123093067617679;-0,0257285342534118
0,00153991771265755;0,0335641352731268
0,0691562660130441;0,0868822706793974
0,0188869894192654;0,0320643492299042
0,0650949308457739;0,102337772431352
0,0687210256797705;0,0917333213962613
-0,00110792097030864;0,00269109266907278
0,0364356022705093;0,0234262604960748
0,0244628176709077;0,0889613533177679
0,0250687731757677;0,0374178957904555
0,00571297990912298;0,0126898339890631
0,062344811874459;0,0319715450353008
0,0092159096449036;0,0365861046514286
-0,00210809943294509;0,020392675890925
-0,0268038397418463;-0,0146085656282328
0,0543476347438344;0,0705723343223469
0,00208011700513122;0,00578070034498306
0,0225821871775708;0,0652680539324454
-0,00126191204838278;0,0125509997386526
0,0345034770183345;0,00415473520558673
0,0611538043774266;0,0513755345463702
0,00824315665032379;0,00470311170320284
0,00872474378704418;0,0101321409403631
0,0639374160565112;0,0518545000449364
0,00144913249318543;0,00964311408559264
0,0200504900391901;-0,0134632102015524
-0,0174704489036796;0,00482201986109817
0,048775120573876;0,0398391108278351
0,0163019534380969;0,0245569413385129
-0,0154234920730167;-0,00691494869209475
0,0117568479531779;0,0101639438504569
-0,0191076525520191;-0,0189947270333857
-0,0146336460093207;-0,0283227681853591
0,0179285112797975;0,0226725220051695
-0,0139286905904649;-0,0265606053693207
0,0248064972643639;0,0240306153419803
0,0205424100813256;0,0256374714317781
0,0151959736422476;0,0290540352611209
0,019578999174897;0,0251510399152013
0,0123453071917663;0,030329613467258
0,00414344193523854;-0,0134632102015524
0,0234900160151581;0,0289133361253415
0,00489745774454123;0,0160585438615175
0,00499408785745912;0,0325301096902098
0,0208253021762347;0,0153315967903484
-0,0330673794495093;-0,031516760784071
-0,01199925276546;-0,0100978950355841
0,0093783013006852;0,00571965069358074
0,0686084532867689;0,119760190261466
0,0638079030501997;0,0487013201759787
-0,0109129965120592;0,000241911554098686
0,0616661176954494;0,051485259572122
0,00448066506930987;0,00854480028613324
0,0140358567054751;0,0163466559898445
-0,00684829220386451;0,00458856442405546
-0,0319181774872873;-0,0270159459489447
0,000610865969308606;0,0270692279436184
-0,00178673035476237;0,00445476525618429
0,0125451620098413;0,00421337919562208
-0,0124428310409452;0,0138800870089764
-0,000593164141896641;-0,00352226891415475
0,0163407160775236;0,00700162005845789
0,0157222476528733;0,023947654095561
-0,0257942231783866;-0,0223049199065155
-0,0183497418450047;-0,029762028004772
-0,000669974959614021;0,00489605471374069
-0,00774931581856229;-0,0291666822304084
0,0104621386001191;0,0127627596200514
0,00905668262285749;0,00751153479461704
0,00509836804369905;0,0289751284597078
0,0599893167137363;0,0799601175225626
0,00736307267961647;0,0327056799869579
0,0103210082179688;0,0153176421014641
0,00896479652336137;0,0158118160063668
-0,00603316096181018;0,0139782619877169
0,00341336847253752;0,026889263905513
-0,00794970193782317;0,010102211444172
-0,00672563728858684;0,00748073572129036
0,00774535443878015;0,00682451356583435
0,00298047821192335;0,0245856692423903
0,00453220693077666;0,0135757950115031
-0,000811847803905421;0,0188673137652363
0,0141427892454617;0,0143952685208973
0,0265483597923643;0,0333199322854722
-0,00844759237175042;-0,00943980570838287
-0,00797992570522342;-0,00368636040222982
0,00208301631328296;0,000477868461476835
-0,019523382598782;-0,0255711553119042
0,0508870427307673;0,0409865221410167
0,00185983309731405;-0,00510884693188045
0,0208781983676371;0,033478152510156
-0,010263478807526;-0,00533337750829818
0,0139540966369542;0,00612710029320136
0,00174090365592045;0,0109288136164929
0,0437329136362026;0,0266836669427644
-0,022335908727715;-0,0291511380067956
-0,00505554659983158;0,00640254795466905
0,0169000246622044;0,0119117112675551
-0,0115306784177463;-0,00744288598773439
0,0393958687906505;0,0317006864183759
0,0107500203453625;0,00680310672194935
-0,000429622675002074;0,00735391442897084
-0,00384216107798803;0,0262483324259576
-0,0164445260562389;-0,00807669226647584
-0,0244374516680015;-0,0271525396728314
-0,00470914956755463;0,00466436070940047
0,00762619453244772;0,0382754172475367
0,0227186373834971;0,0231751500061995
0,0102135564296541;0,00884359947173025
0,0272634062471156;0,0303104965756988
-0,0222481172384004;-0,0235215746133801
-0,00711369341127855;-0,00198101781212348
0,0223396531390876;0,0246899617933374
0,0224507062080624;0,0110179915774877
0,00509137884554034;0,0126677402001518
0,0186531286205395;0,0254781469464218
-0,0227261417318515;-0,0161446414658864
0,00864513218087581;0,01191482958969
-0,00675505798190625;0,0209875476263829
0,00522203404082864;0,0138813899263457
0,0253909785011085;0,0180906613648547
0,0109618016397245;0,0449713160292737
-0,00213242948910313;0,00336747186287065
0,00486604714615262;0,00384696459381917
-0,00219414048764509;0,00640834000579166
-0,00976208644314329;0,00293077943463656
0,0140757621945148;0,013105091700861
0,017133445344157;0,0214495931968198
-0,0121455919636285;3,89835902067443e-05
0,0190123646251867;0,0121791033785026
0,0187848872670591;0,0131941761980166
-0,0100813962499646;-0,00121344830606813
-0,00321789979770774;0,00514795405512754
-0,00561590606381407;-0,0304586853931314
-0,000185234373822834;0,00690564502125198
0,0207629254299109;0,0135002881834593
0,0614527804781894;0,0391551160795727
-0,00030189833890349;-0,00748081084369129
0,00956370936200235;0,00687898020704135
0,0114341774620343;0,013829827710871
-0,00110397378839771;0,00399496763986862
0,0118351925742403;0,0131190555290054
0,00435919349875879;0,0325382842751239
0,00504205420072566;0,0163221086277093
-0,0121077637917194;-0,00845085187573329
0,0113267045421966;0,00544039176541449
0,0186654055789904;0,00710956132866274
-0,0149827587076615;-0,0202529645983756
0,00801241357794917;0,00742677115143277
0,00725850575694338;0,00712409467741218
0,00698540486129635;0,00897889546267812
-0,000164149528822354;0,00149463573739105
-0,011724979685024;0,0045677648907245
0,0126332912917706;0,0147794243856224
0,0205933141767399;0,0215154515426754
-0,00578402300968096;0,00800611155675679
0,0254516938256322;0,0350946772634355
0,0103885547181118;0,0345218187941962
-0,0061166393989214;0,0356387860967046
-0,00320426272087731;-0,00449933953387788
-0,0255723851213498;-0,0108098567262348
-0,0185437993311381;-0,00968192607196616
0,0114893084891895;0,00770781485811076
0,04825206458178;0,0399425628923477
0,0537111506820797;0,0585620753293382
-0,0194939467065418;0,011953762958667
0,0528621016521187;0,061736395270517
0,00172008387130663;0,00299584477127486
0,0126688855068908;0,00160201880497281
0,0102646227819722;0,00498010628243422
0,0313980771732447;0,0356447073012628
0,00670402986803279;-0,00017233130002822
-0,0035700215481557;-0,00560932291347559
0,0551073670933207;0,0621249117641837
0,00710121577592615;-0,0218307170367158
-0,0157544510590168;-0,0143557456584345
0,0205454153317495;0,0133583729575159
-0,000415485773716292;0,00976901783874541
0,0227222670130436;0,0654991083674832
0,0387143788181095;0,035289468517003
0,00369215225523662;-0,027595412447098
-0,025523671587313;-0,00757897397340944
0,00740401476745884;0,00477980496243512
0,0279999073336872;0,0269858817384307
0,0171815233271932;0,0196696695563267
-0,00999305602564613;-0,00589444196798091
0,0552979223228086;0,0116746402251593
-0,00455421785071021;0,00630914667157926
-0,0185123672961353;-0,0260910471080323
-0,00247661840460115;-0,00128009952318058
0,0160963530414283;0,01227059528009
-0,0093675564973471;0,0090834238506125
4,69162351299086e-05;0,0242930260293385
0,0160128091416047;0,0399537178633664
0,0043740552885747;0,0271615748739096
-0,0182545823408325;-0,0249764886296913
-0,00999416899029665;-0,0143421362892409
0,000123861969092938;-0,010368747589024
0,0266123127266013;0,0173809932826659
0,0664403383647995;0,0448835043430848
0,0136254511277983;0,0171267955943656
0,00575808456272169;0,0185020633770565
-0,0112806914563986;-0,0235296353241488
-0,00175628741118035;0,00275109213023314
-0,0108293057397198;0,00889736438385347
0,00392595934350877;-0,0072970904997039
-0,0139070538529881;-0,0162935861963829
-0,0208846150981366;0,0136078746680559
0,00748341849823572;-0,0194724048762636
0,0106378876189283;0,0107836989638424
0,00972329008916187;0,0157384908225273
0,000456302832018892;-0,0150827644377934
-0,00412220316553896;-0,008899049504513
0,0628416302353278;0,0274008187097976
-0,0228882440163954;-0,0135019993880031
0,0410465947391936;0,013689477383817
0,0142585836818839;0,0206122070649551
-0,0169629542013945;-0,0107465285431404
0,01303331568084;-0,0218705501912563
-0,0168664027341676;0,00220929890937938
0,00243426860670213;0,0225738019175627
-0,0071087211073101;-0,022233701218876
-0,0299657856227233;-0,0103174517142629
-0,00472135219244549;0,00386763343478206
0,000655853117274994;-0,0261668279035052
0,0287941206081025;0,045879759726844
0,0236711112808291;0,00408500652548334
0,00845435943719647;0,0164712215153463
-0,0124782766902735;-0,0196226389027569
0,00807004288989545;0,0226016081021066
-0,00725065818542502;-0,0086407944278951
-0,0302901556924429;-0,0259457225499772
0,00817093722748268;0,0195489197983428
-0,0188499592285844;-0,0134632102015524
-0,0210757249635875;-0,0129835416984804
-0,00104843838367776;-0,00547365330942112
-0,00712921352960735;-0,00229535770783685
0,0195659781672742;0,0190762992483624
-0,00269944216923304;-0,0117114133567442
-0,00484462518948999;-0,0167575514637134
0,00764169357959655;-0,00514020390276721
-0,0247475814121267;-0,0232987400961978
-0,00855953720931133;-0,00551935591242835
-0,0129873611977768;-0,00482748861352694
-0,00319306965419373;0,0123023036549696
0,00572480354519336;0,00472099031261736
-0,01729179436689;-0,0167236598696473
-0,0053760799477952;-0,00930854872515005
-0,032503682007422;-0,0081481384765057
-0,00851945338289891;0,000616293276426597
-0,00344415182719573;0,00631606060206885
-0,0126273730965482;-0,00132570214109436
-0,0332509302699165;-0,0210324773291634
-0,0255908935310157;-0,0134632102015524
0,0406253936374008;0,0665053178610029
0,0196781420920277;0,0122383220152918
-0,000535893960071758;-0,0134632102015524
-0,0355090843824412;-0,0356807747442328
0,00324773065231777;0,00421433185973273
-0,0026291837229009;-0,0178436909673188
-0,00133747207252903;-0,000408362435530355
-0,014312859819809;0,0326121423917907
-0,00302073508114087;0,0111815975887988
-0,00403486584534467;-0,0189898396306295
0,0253556676932516;0,0133633461540837
-0,000594490658235485;0,00335166657828264
-0,0245259369376633;-0,0308528734649458
-0,0104467045876163;-0,0171119300753526
-0,00615328090887306;0,000983669250603603
-0,0060008846968251;0,000777725946109457
0,00906265303323824;5,6092100336684e-05
-0,0314446515163343;-0,0328039506494563
-0,00943447366855486;-0,00638318070587902
-0,0109519513444195;-0,0059423179713448
0,00346558654480334;0,0010454777464785
-0,0308480756159446;-0,0234136894972971
-0,00705902758337304;-0,00483560698031348
0,0113134636775183;-0,00955571897466794
0,0101061721156217;0,0308834227476509
-0,0237977581144677;-0,0134632102015524
-0,0365933413062902;-0,0283214691050969
-0,0178468385862344;-0,0105579308471969
-0,0274733386063578;-0,0102330786899328
-0,017316037441158;-0,0113725785951679
0,0141559721202347;0,0166497319945346
-0,0270308571775612;-0,0235686682317671
0,0168777784352708;0,00588170017311332
0,0384412580031858;0,0284566807768401
0,000374746542914017;0,0116401316073518
-0,0239684063825754;-0,0134632102015524
0,0134529816531158;-0,0066861226896338
0,0246479519374181;0,0223816729168661
0,0141834657155279;-0,00264873627803992
0,0130919321993609;0,0549079590741636
0,00306611259497754;0,0185136205370577
-0,0346360484795283;-0,0239890580028368
-0,0175129536558447;-0,02068333059157
0,00542295902869593;-0,0030623291704806
0,00510842130820143;-0,00500565359741792
-0,0117402265087304;-0,0143658678159572
0,0661360600578828;0,103583150895682
0,0101098634049754;-0,00476964142716801
0,0023989214744969;-0,00131641551508446
-0,0226432027459475;-0,0288542403001778
-0,0415570930086483;-0,0134632102015524
-0,0173898899298882;-0,0235783436339383
-0,0081487846800366;-0,0279007635963256
-0,00302255520011007;-0,0141774930796146
-0,00849854612216103;-0,0200840075003966
0,014030847584324;-0,0031968830866897
-0,0173592994857433;-0,00827504335656579
-0,00520097265208418;-0,0130854419991568
0,00368351671430255;-0,00948770290768812
0,00120167535087992;0,0109866181501791
-0,022827632635976;-0,0120568626070099
0,0191143535376374;0,011353167001812
-0,00229837338458334;-0,00149902836586125
-0,0121401505453737;0,0015844883388155
0,00931914966146091;0,0016228008479018
0,0012303426282047;-0,014414151915892
-0,0266774115079546;-0,0179528723409901
0,00447971848214865;0,00956543885432427
-0,00178145639240901;0,00232654058566942
-0,0123262642710031;0,00299546572475594
-0,00163762306687793;-0,00041788819280286
-0,0117887015264093;-0,0290081460881014
-0,0131633942506203;-0,00927834985571744
-0,0166521538961735;-0,0170347883577464
-0,0230215246393645;-0,0184269557317415
-0,0132874442813684;-0,0140175988045736
-0,00263454316256788;-0,00249886658035157
0,017644197032161;0,0109162958300218
0,00415255380308342;0,000255024030597531
0,0333039617183132;0,0148044658851603
-0,0287507914117297;-0,0134632102015524
-0,0146563603998656;-0,00743539241549571
0,0048034902843728;0,0144796538953649
-0,0058657191492635;-0,00870669295590514
-0,0126704632293181;-0,0116664160945299
-0,00145808256038293;-0,00437187982533564
0,0125427561414979;0,00467750464134469
-0,00414233907963613;0,000649227793985784
-0,01705716858102;-0,0236968810330239
0,0163394475432481;0,0109516165696142
-0,0201576652049144;-0,0163407272525641
-0,017823449971688;-0,0244174162779494
-0,0207242925666843;-0,0226636211749108
-0,0069607159305028;-0,000418163456536902
-0,0154773122282677;-0,00358058004353438
-0,0345462080214668;-0,020408124169449
-0,0379936353388747;-0,0353567326163885
-0,00803571165101284;-0,0220587087456074
-0,0117198973880198;-0,00686795305835495
-4,34747866257625e-05;0,0133410031438685
-0,00623344018994123;0,00890105400578576
-0,00690734025539781;0,00264750529874738
-0,0197865959252778;-0,0134632102015524
-0,00325492779555764;0,000952579551415506
0,0010990881494153;-0,0297283427704302
0,00243674969094948;0,0970074972551788
-0,0169052950840817;-0,00272881806260284
-0,000501417118750056;-0,00830160380053425
-0,0126893750252927;-0,0118502787347058
-0,0121322773150876;-0,00658609558465936
-0,0288541996966472;-0,0134632102015524
0,00295087746241692;-0,0244505512903765
-0,00303156329670404;-0,0217918516729466
-0,0221503228269682;-0,0284354180524519
0,0091445671365262;-0,0104471244299596
0,0101666896163943;-0,019800410617702
-0,0152856063398826;0,0291121700033738
-0,00158972565791082;-0,00272704117702867
-0,0273411129918808;-0,0134632102015524
-0,0043298220604789;-0,00130252944391671
0,00243813222819947;-0,00703505594909605
-0,0208614197209606;-0,0110906359789645
-0,0339132684848498;-0,0228897988805603
0,0603585739723293;0,074110041519285
0,0214390892577522;0,00678631627356621
0,0122352624661967;0,0156707100175023
-0,0130156399618991;-0,0192403016742893
-0,0161022374324013;-0,0134632102015524
-0,00686881674880502;-0,0106853322136107
-0,0293527863477543;-0,028721431065033
-0,00608544633750385;-0,0298480719519377
-0,00261571017027356;-0,0194179951387292
-0,0372470961802909;-0,012046666877696
-0,00582484085210401;-0,0134632102015524
-0,0175956552299912;-0,0249214757259621
0,0409170596101486;0,0227067785678135
-0,00912024265913526;-0,00084600109061399
0,0430823985624815;0,0288907343922241
0,00350028111190286;-0,00647489696577012
-0,0317897170488831;-0,0257557301815408
-0,000399401131459421;-0,0109579157544817
-0,0047792972845252;-0,00516714928205546
0,0155811561794054;-0,0134632102015524
-0,0108542103437623;0,00812325176308132
-0,0389245742250721;-0,0231619508861092
0,0373301436087916;0,0271728583423893
0,0161067034613838;0,00242606685122974
0,011848078708502;0,0070663518330508
0,0254202868848971;-0,0240398533198833
0,0105004164104369;0,0140894058414446
0,0090478845729097;-0,0106829136566715
0,0175419755428227;0,00373182297226631
0,0226420933487052;0,0144124244021381
-0,00302153519120217;-0,010159417311948
0,0132082128344868;0,0105339501938355
0,00682659074653174;0,00552123415677915
-0,00612046636660105;-0,0110618028368769
0,0145810073207011;0,00873936870563233
0,00468064815938364;-0,000621358529886551
-0,00899089365281208;-0,0111835706865388
0,00209497319552156;0,0025484464541575
0,00189202703782411;-0,00469899857949374
-0,00287659718919812;-0,00265794426945615
-0,0196420623614753;-0,0113187572743664
-0,0187155890113054;-0,0134632102015524
-0,0123293112931939;1,29802024509683e-06
0,00027272153117829;0,00371918715283466
0,0178105000471038;0,0120026335529598
-0,0397577308699681;-0,0132924744487057
-0,0180672336216072;-0,0106998353997992
0,00302876394232516;-0,0152583631644255
0,0143577007715469;0,0126052806365568
-0,03368644357689;-0,0268272387196577
-0,00872631514317232;-0,0180798597701621
-0,0368364441406889;-0,0244404861394733
0,00633150608549692;0,00207753339018028
-0,0284447358543335;-0,0209093409125618
-0,0299370752897097;-0,0175856323305928
0,00589779681679803;-0,00817162971018078
-0,0224157895506508;-0,025160805000159
0,00936834023882151;-0,00786403098852893
-0,00244106404706456;0,0268012438155555
-0,0260526596423927;-0,0230655755788791
0,00171868739708652;0,0112585017489243
-0,0232716905764991;-0,0212289423608561
-0,0141999362570346;-0,00607786627790019
-0,00287461300655316;-0,0135430483486504
-0,0227075092537686;-0,0241288261940216
-0,0233883103208515;-0,0256195572363149
0,0397881891719116;0,0289269932826524
0,00989689504369813;-0,00318245083689996
-0,00576923882482648;-0,00555536415164067
-0,00217019220948755;-0,0134632102015524
-0,02900383428138;-0,0269839444097664
0,00786354164535647;-0,000655437683134727
-0,016613258469085;-0,0309030732552583
-0,0123336300968978;-0,00780827649425042
-0,0177172575785373;-0,0113943127954202
-0,0127326394753999;-0,0114971672031209
-0,00873297904429679;-0,0106266526897067
-0,0107503541264078;-0,00424527660238002
0,00476508478821037;0,0013478123277989
-0,00779476697125712;-0,0132422114661575
-0,020894047229135;-0,0270975771390345
-0,00839658888360822;0,00304834035052659
-0,0204263458471752;-0,00391950622971827
-0,0261257023603685;-0,0120516584800563
0,0214870416204326;0,0282877730061858
0,0169620246331454;0,0156735278452233
-0,00836181117948057;-0,0142384050138901
-0,0168662064885839;0,00351924955390359
-0,0242302164770507;-0,0134632102015524
-0,00978762400504887;-0,00312262797351377
0,0177497457215351;-0,0256955886397424
-0,0291176213202493;-0,0207247513172221
0,0085426393230822;-0,013320849981496
0,0100923557799689;-0,0151906578243311
-0,00764305766379891;0,0109374209933843
-0,0141079249089613;-0,0111409323273695
0,0107947884715209;0,00394606626896686
-0,0318676217405306;-0,023826953127222
0,00287290607226125;0,0101943147310884
-0,0166030026223032;-0,0237870426129854
0,00480962532729076;0,00633775007896996
-0,00508665174455395;0,00718312392414721
-0,034346108693023;-0,0259899659755292
0,000454062825693826;-0,00396269560492453
-0,028538580695281;-0,0261140835162996
-0,0341686974608623;-0,0283620521341248
-0,0321110101179522;-0,0269998677562807
0,00122366301046577;-0,0124186131723945
0,017423379420895;0,00230333114893649
-0,000846178972207337;0,000921855370142584
0,00184692849053713;-0,0134632102015524
0,000388206211666172;-0,00345064049744844
0,009972269215731;-0,00408729042563112
-0,0235372583563403;-0,0188030888459359
0,0572670915042518;0,0230438162918536
-0,0337275957735135;-0,0213542509290598
-0,0117727652125737;-0,00856005739404502
0,00987463020708807;0,00976485422072984
-0,0197153509395346;-0,00976091532123703
0,00584630287420896;-0,0179065372737126
-0,0233156440678144;-0,0134632102015524
-0,00940403894900075;0,00112085153260004
0,0172717561279854;0,00157603089968404
-0,0336621755004972;-0,0196090998824569
-0,00966025421364945;-0,0134632102015524
-0,0284579928054724;-0,0192952009682012
-0,0176352024318887;-0,0197820941989476
-0,0273553089516467;-0,0111051231701205
0,00482321736138622;-0,00746058059186666
-0,0334501508680105;-0,0184927620161865
0,0532676017274536;0,0297912335173674
-0,000816329867751268;-0,0252423226156529
-0,0289189883122882;-0,0229785737348672
-0,00691539600714732;-0,0101672203828831
0,00900118184443782;0,0086806234185821
-0,0050560655863646;-0,0187641263238528
-0,00902990956483672;-0,0134627694883033
-0,00752647616407047;-0,0174521704003504
-0,0159152990031005;-0,00718845524362383
-0,00412488958660486;-0,00828688868152273
-0,0293573806007904;-0,00583234091602051
0,00281367725693023;-0,000193037264212798
0,00959174410524968;0,00985060216356888
-0,00227673269511216;0,0096248961033512
-0,0243848619058433;-0,022639164008737
0,0172593945684738;-0,0250395660372901
0,012487940770383;0,0112352483638528
-0,00506694600665019;-0,00951193508685607
-0,0102630405485156;0,000813574403698293
-0,0149626059173071;-0,00932006590784649
-0,00399887531888005;-0,000151960160549277
-0,0268210447699043;-0,00388646257941639
0,00675605610112457;0,0187536144268153
0,00265772949823823;0,0017179155674165
-0,0185191416418085;0,00288152847458241
-0,0142141449492079;-0,00394086781202903
0,00743189556318608;-0,00340064276084944
0,016018617689506;-0,000377447580916971
0,00622606982291996;0,0213586647344891
0,0266037971681418;0,0279631578330808
-0,00776720368190092;-0,0103054598191041
-0,0122392390491477;-0,00842521198646699
0,0336612942536706;0,0311771346438478
-0,0343582427312194;-0,0267346293864907
-0,00753824263026357;0,00206369839767629
-0,000369517827998124;-0,000185879827060809
0,0225783526746882;0,00443074666813138
-0,0314060590899339;-0,0112900788214605
-0,0328274815163654;-0,0310277762935103
0,00501173451847158;0,00241447191726977
0,0119478429248306;-0,0134632102015524
-0,00443670250153774;-0,0134632102015524
-0,0272089096023083;-0,0202896654646597
-0,00586548183411487;-0,00480216208035113
0,00842842263638786;0,00856123299411431
-9,71189947169366e-05;0,00363745565583737
-0,0133131640558024;-0,00894302450623778
0,00598609923711752;0,00533133060300227
0,0152373501895056;-0,0107263874435584
-0,0161164523380963;-0,0134632102015524
-0,00401975992587263;-0,0134632102015524
-0,0177258462392683;-0,00725511303469036
-0,0240346035597555;-0,019278487380029
0,0252376600330399;0,024074153409025
0,006910129243637;-0,00331032852692429
0,00274164699422976;0,00727778826083258
0,0463342009579303;0,0462471642543575
0,0159755701054266;0,0182894528615621
-0,0097800171665133;-0,0226430076242424
-0,0226606426242737;-0,0254162195205633
-0,0194714583167504;-0,0234875392062016
-0,00536975414960891;-0,0159423883555066
-0,0169281584895735;-0,00720527193000871
-0,0200258124229232;-0,018216426451552
-0,0368511406649715;-0,0274611426072039
-0,0124441490068348;-0,00901363263137867
-0,0178420522924203;-0,0177409686587181
0,00139500465758948;-0,00819235491053471
-0,00919539102339808;-0,0249907019653518
-0,0193166620070649;-0,0192274648640934
-0,0221396733932857;-0,00819737767956056
0,0131425606232278;0,00616936647388942
0,00962846808229853;0,00999279733519752
-0,0186065540199974;-0,00590164740221383
0,00345183446089796;-0,0249383396631376
-0,0365812072680939;-0,0279400161182931
-0,0221622587938545;-0,00602148419475625
-0,0375992901614921;-0,0255314568454354
0,00451494740046837;-0,0211604993526656
-0,0177753997759439;0,00319500818609775
-0,0052942744402795;0,00205433556564033
0,00771563673761622;0,0115186410892359
-0,033373836802538;-0,0259345922237642
-0,0246529134268357;-0,022297471928948
0,00642311359353235;0,00574127413438891
0,00512321398950752;0,00564434797811957
-0,00742653431302768;-0,010568583511918
-0,00753501545658471;-0,0218484591684125
-0,00583444146887602;0,00154948691961789
-0,00807991793876317;0,00300694118318943
-0,0326356776415743;-0,0180748975623681
0,00583620913795049;-0,0106851199670466
-0,0120988467092162;-0,0173232372216126
0,0134091021550078;0,00366181969548234
0,0107262024422173;0,00508134358723383
-0,0217148791125544;-0,0121801164237658
-0,0182378406378499;0,0109223457339071
-0,00852999357467927;-0,0067071538129794
-0,0345831055550664;-0,0221037350109919
-0,0336062244345577;-0,023410789663209
0,005251177238651;0,00314862817529465
0,0105838292889837;-0,0189872027478732
0,00245228654253505;0,00335017022068295
-0,0304973073240962;-0,0215727120339564
0,0105280614657189;0,0452961415482278
-0,00933868794006672;-0,0129926023199916
0,00830334230816207;0,00802463681862187
-0,0354958183140074;-0,0274422266255831
-0,00331382258584996;-0,00651422517747639
-0,00823736647007794;-0,0064630187498959
-0,0323276102163291;-0,0245307566314773
0,00338290189097975;0,00508568143438288
0,0149602315055325;-0,0249757495889669
0,0102537974061412;0,00885470473421166
0,0129788971873237;0,0057321190590442
-0,0257874747586397;-0,0246343935552706
0,0208127692325279;0,0222735333172788
-0,029575809020054;-0,0292548481186099
-0,00247106965327291;-0,00763533823630952
-0,00822340960562259;-0,0134632102015524
-0,018045395219341;-0,00263877716148822
2,97432591649665e-05;0,00361106849554453
0,00376188087176858;-0,0145008894364682
0,010432033819617;-0,0102051672856054
-0,0090311323401364;0,00310229485004834
0,0488627223457141;0,0200650755447146
-0,0118465379691274;0,00401362504412913
-0,00757126810479871;-0,0191553515236493
-0,0265927696934362;-0,0134632102015524
-0,00437768234611868;-0,00762226848503432
-0,019728482633335;-0,0128257552795704
-0,0365814879904158;-0,0251694115657917
0,00960135890332404;-0,026210376650851
0,0100106675198997;0,00885671179112336
0,0203130544097605;0,00621599520582779
-0,034346108693023;-0,0353820719817813
-0,0321110101179522;-0,0309560847273379
-9,00472399484092e-06;0,00608112361445274
0,0111642777882974;-0,00542370871648722
-0,0177754165473503;-0,0134632102015524
-0,0327599436178146;-0,0231603912287834
-0,0327599436178146;-0,0219389733706772
-0,033373836802538;-0,0219895960356724
-0,00435805974290748;-0,00448610444616379
-0,00780508043292764;-0,0141274374100579
-0,0168711514020364;-0,00557912437398394
0,00445856192780446;0,00475124944857114
0,0292854006963501;0,0276248573313001
0,00549598862092259;-0,00274195473886698
-0,0338582747493258;-0,0232033942637701
0,0102614821682218;0,00594044860569168
-0,0397161292276113;-0,0196880838323763
-0,0308459132562365;-0,029795311883493
-0,00607266616241037;-0,0134632102015524
0,00643000616866669;0,00628119994081703
-0,0229525011109293;-0,0192554360385539
-0,00771817625137956;-0,0134632102015524
-0,0338782755527874;-0,0293631393986368
-0,00924159570136258;-0,00218746776647382
-0,00440481095339794;0,0126731184501056
0,00247864249840179;-0,00610998988759719
-0,00737552837464518;-0,00416658507455687
0,00431019960755181;0,00286662128618075
-0,020589352821322;-0,0134788507783184
0,00136957765685898;0,00909361306456477
0,00804829977116887;-0,00447767261935971
-0,00853624333441211;-0,0127555827561672
-0,0118160450157248;-0,0094077527090403
-0,00416213158255443;-0,0295401161891359
0,012855241784025;0,0227056085026389
-0,00286666037339859;-0,00803153173106837
-0,0314528373097031;-0,0258079169347852
-0,00222957364559888;-0,0138183283531816
0,00251973848778676;-0,0124992079488627
-0,00934229638681998;-0,0145712312095411
-0,00804886010254906;-0,0150475563516651
-0,00185512206995062;-0,00132942438294097
-0,0218859735187798;-0,0248747847248291
-0,0365812072680939;-0,0248590979998486
0,0231093603468217;0,0144085207834572
-0,00738952458414602;-0,00934184008145712
-0,023367815969324;-0,0179891568707069
-0,0241928383692257;-0,0166039859166413
-0,0254170205081382;-0,0225444837720827
-0,0232748926312942;-0,0134632102015524
-0,020058740367996;-0,0134632102015524
0,00308868922173464;-0,00298873209699792
-0,0336041946851538;-0,0257988038543288
-0,034346108693023;-0,0299313101261931
-0,00212125583785462;0,00331370800584168
-0,0316031408792583;-0,0206017247885655
0,0157613661473206;-0,00423353697937812
-0,00789014292199008;0,00230863914236922
-0,0105193006935029;-0,0104784761461965
-0,024738661159692;-0,0134632102015524
-0,0122610239272184;-0,00865207510364382
-0,0317530691221394;-0,0249974502087641
-0,00824214924305778;-0,00113041985883364
0,0158156548004116;0,00770692298649895
-0,0297351216669998;-0,024791366971236
-0,00506413238291644;0,035821336034099
-0,0138760837567137;-0,0134632102015524
0,00735284385516545;-0,0134632102015524
-0,0156172014497878;-0,0225158566523623
0,00707188620560192;0,000937964130673988
-0,00917053472815897;-0,0180310562234443
0,0125689258402722;0,00877146708296692
0,0633996106413221;0,00719906512697821
-0,037295036262154;-0,022398608853757
-0,0283824187117564;-0,0251836099687978
-0,00920605771655515;-0,0134632102015524
-0,011980583208463;-0,0213640788532395
-0,0158267194211803;-0,021411836986491
-0,0203132037321625;-0,0179280394426826
-0,00181064081263699;0,0101325872597094
0,00661667970205762;0,0366981940303718
-0,0320025399794986;-0,0268833438498281
-0,00384229586207558;0,00421713861800134
-0,000710044850482283;-0,000377045810261895
-0,0290202867191306;-0,0300239557917115
0,0100305672474176;0,000158851692050443
-0,00422124273454029;-0,0220296366521306
-0,00581043431262949;-0,00617009281074562
-0,0305278659291729;-0,0211253465089754
-0,0217722046910861;-0,00961928410489384
-0,0348976489867632;-0,0258534680377316
-0,0135203984167795;-0,00630696727443531
0,000933000688131575;0,0116068777962265
-0,00296453352689472;-0,0106712871665158
-0,0192050943787333;-0,0134632102015524
-0,0273101890843487;-0,021541790305284
-0,0191198684215469;-0,0134632102015524
-0,011599116677584;-0,00880071154199586
-0,000165021702124777;0,00405414282870902
-0,00946998388783518;-0,0145369843932638
-0,00131523399387661;0,00063971318389221
-0,000916009426888563;-0,00370768793154492
-0,00318577094146383;-0,0263659548406695
-0,0200655691710245;-0,0325403943994739
0,0112993891813764;0,0269350123076855
-0,0148374603555367;-0,016549355366322
0,0159281158950747;-0,00598541113201267
0,00211222113356873;0,00865491871954538
-0,00631900297191004;0,00330872957855875
0,00613204084881202;-0,0291715856488906
-0,0107105388351902;-0,0234361904062205
-0,0334401723348097;-0,0223693869199255
0,0033232112931699;0,00567036599281746
0,000743006244768907;0,0087824343977732
-0,0063725127679802;0,00166160928890007
0,0123754805435441;0,00464797990130827
-0,026466173765478;-0,0134632102015524
-0,0173163524969733;-0,0133359114541802
0,00766271555326596;-0,0161292183161387
0,00316977846561473;0,00729459965206858
-0,00625326828782589;-0,0129572363756443
-0,0337870037705736;-0,0251584667731839
-0,030753157456404;-0,023327982647824
0,00384964245900361;0,00133799325521467
-0,00382371872762488;-0,00218009889380397
-0,00108833301620084;0,0398948547219508
0,00602097497247108;0,00176149465152168
-0,000239444004213238;-0,00690403757280326
-0,0015023942457;-0,0134632102015524
-0,0191765558542149;-0,00991479869213739
-0,0298611851574456;-0,0240160867138145
-0,01254641927282;-0,00485611429981906
-0,0409183878543727;-0,0278649451806579
-0,0279121243982069;-0,0220166360152715
0,00369010652003954;-0,00493978195719119
-0,0142603373190752;-0,00562858665818654
-0,0189057599785015;-0,0227984329338946
-0,0345691789712079;-0,023369928690781
0,00528447889362251;0,00514412750254531
-0,00462268431013887;-0,00487254596294982
-0,0193657035344871;-0,0134632102015524
-0,0143174973792784;-0,0134632102015524
-0,00379045164685381;-0,0134632102015524
0,000930791447710256;0,00533403110515902
0,00234628774976541;0,0242163248980666
-0,0190916182069215;-0,0250276603372598
0,00528160336762864;-0,0163633820997144
0,0106032323660227;-0,0134632102015524
-0,0317301908934246;-0,0261788235114624
-0,0330877879345078;-0,0168325450452051
-0,0421160963188543;-0,0289289010486979
-0,0164990740937208;-0,0134632102015524
